公司名,官网URL,問い合わせURL,备注,URL状态,URL备注,检索时间
株式会社ZENSHIN,https://www.zenshin-inc.co.jp,https://www.zenshin-inc.co.jp/contact/,,可访问,状态码: 200,2026-04-21 14:44:07
株式会社バンコム,https://www.vcom.co.jp,https://vcom.co.jp/contact/,,已检索,检索状态: 手动添加,2026-04-21 15:12:16
Shearwater Japan株式会社,https://www.shearwater.com/ja-jp/,https://www.shearwater.com/ja-jp/contact/,,可访问,状态码: 200,2026-04-21 14:44:11
株式会社プレミアムアーツ,https://www.premium-arts.co.jp,https://premium-arts.co.jp/contact/,,已检索,检索状态: 手动添加,2026-04-21 15:12:16
株式会社ウェルネット（SIer）,https://www.wellnet.co.jp,https://www.wellnet.co.jp/pages/contribution.html#sportssupport,,已检索,检索状态: 成功(深度搜索),2026-04-21 14:47:17
HashiCorp Japan株式会社,https://www.hashicorp.com/ja,https://www.hashicorp.com/contact,,已检索,检索状态: 手动添加,2026-04-21 15:12:16
合同会社H.U.グループ中央研究所,https://www.hu-group.co.jp,https://hu-group.co.jp/contact/,,已检索,检索状态: 手动添加,2026-04-21 15:12:16
株式会社アイサス,https://www.aisas.co.jp,https://www.aisas.co.jp/contact/,,已检索,检索状态: 手动添加,2026-04-21 15:12:16
アイザックシステムズ株式会社,https://www.isaacsys.co.jp,https://isaacsys.co.jp/contact/,,已检索,检索状态: 手动添加,2026-04-21 15:12:16
株式会社ニューコム,https://www.newcom.co.jp,https://www.newcom.co.jp/contact/,,可访问,状态码: 200,2026-04-21 14:44:24
株式会社エスディーピー,https://www.sdp.co.jp,https://sdp.co.jp/contact/,,已检索,检索状态: 手动添加,2026-04-21 15:12:16
株式会社ソナー,https://www.sonar.co.jp,https://sonar.co.jp/contact/,,已检索,检索状态: 手动添加,2026-04-21 15:12:16
KYCOMホールディングス株式会社,https://www.kycom-hd.co.jp,https://kycom-hd.co.jp/contact/,,已检索,检索状态: 手动添加,2026-04-21 15:12:16
株式会社IGG Japan,https://www.igg.jp,https://www.igg.jp/contact.php,,可访问,状态码: 200,2026-04-21 14:44:30
株式会社Retail AI,https://www.retail-ai.co.jp,https://retail-ai.co.jp/contact/,,已检索,检索状态: 手动添加,2026-04-21 15:12:16
株式会社ルミテック,https://www.lumitec.co.jp,https://www.lumitec.co.jp/contact/,,可访问,状态码: 200,2026-04-21 14:44:33
株式会社エクウス,https://www.equus.co.jp,https://www.equus.co.jp/contact/,,可访问,状态码: 200,2026-04-21 14:44:35
